{"fan0_1": [0.016032056961370063, 0.01578764652112436, 0.0018604876789541649, 0.001780029358195206, 0.0019531105268685276, 0.001633916228728037, 0.0012539096692307794, 0.0009322637463062547, 0.0007383470070209036, 0.0005748892212586627], "gpu1_core_temp": [1.821011311339555, 0.297326342653363, 0.18412010234052076, 0.09904273203574121, 0.06951119684057513, 0.06694842424363859, 0.06471241079802845, 0.06320282302343697, 0.0637601376486121, 0.06191736449717834], "p1_mem_power": [2.324012654172557, 1.4347132549330752, 1.247482976055033, 1.0748480916303653, 0.6946414805427995, 0.45041005583780425, 0.48470496681709124, 0.6146022400277997, 0.9580723944680906, 0.8009073064006584], "pkts_in": [14.844349000562904, 2.370401507343656, 1.5473594902263534, 0.9542033115341779, 0.6007852242911867, 0.38910284991406147, 0.25666112646520617, 0.1867627056756167, 0.14514918838156968, 0.11934599093091423], "gpu4_core_temp": [1.0669818998815777, 0.1914426174278136, 0.050976559747826, 0.010776755948715803, 0.004467746337370475, 0.003189361560162656, 0.0016063136318118796, 0.0013796070271940065, 0.0006532164835684315, 0.0009380996317562315], "pcie": [1.4055487495867074, 0.21182594091446208, 0.11980826203380862, 0.08960130547613947, 0.08353764057580021, 0.07688204015439917, 0.07414472100990875, 0.07039986312438193, 0.06625807005286177, 0.06268229855472342], "dimm0_temp": [2.1802246178142344, 0.4278322260295446, 0.32485188262662923, 0.26860403570957403, 0.2228534537873241, 0.19487170334554887, 0.17266458297343623, 0.14431865724124093, 0.12739169865193206, 0.11214732524803689], "p0_mem_power": [1.1829756737125898, 0.688185589212764, 0.5338229725728192, 0.6725325217340342, 0.7385863547904357, 0.4728888225646549, 0.40817490871494977, 0.5682209179266006, 0.519584088692046, 0.3709015372526577], "p0_power": [4.229537061065115, 0.27869007332621004, 0.18573532323352993, 0.12000369645845425, 0.059995123784818874, 0.04936349141957258, 0.04770493242258747, 0.03919987818626787, 0.040299956922128954, 0.04059356793020201], "gpu0_core_temp": [1.356670640779519, 0.4783533190931594, 0.25283982633658114, 0.13161298763338647, 0.09145889974008965, 0.06323146450105474, 0.046707991546931206, 0.03375361613448589, 0.028545074415222933, 0.025048942420311193], "mem_cached": [1.7030885468982848, 1.6299188578243478, 1.557449847331486, 1.4811095401913212, 1.4174428826657384, 1.333950483978951, 1.2857699513932006, 1.2234826067604014, 1.1700406507196373, 1.1334113738530602], "gpu0_mem_temp": [1.899462480814026, 0.8597687583276501, 0.6501838892763381, 0.5003346127848471, 0.3909534043832732, 0.3054210777364431, 0.2222606445592578, 0.17607588986906467, 0.10205693761517684, 0.17593422497282185], "fan_disk_power": [0.18143129014279893, 0.19406682644439963, 0.1828557595770846, 0.1748475023014571, 0.1706895989876601, 0.16399811220265204, 0.1604461054447838, 0.1576999221798233, 0.15855804292024464, 0.15547588374465704], "ps1_output_volta": [7.512663037030487, 0.9347372698398577, 0.3486761562275871, 0.17321862516203715, 0.109120442936953, 0.08920974988136403, 0.08213493553690784, 0.07918849445269843, 0.07812232175614729, 0.08003351486335579], "proc_total": [0.5717301059643217, 0.556915745729961, 0.4060958782728869, 0.37831156463289517, 0.36284948642337783, 0.3528692478498523, 0.33879311939572976, 0.33193036805999826, 0.30622500587869383, 0.30493924199097777], "fan0_0": [0.02686252131537404, 0.020154461113145193, 0.014506608986853426, 0.010409843727708208, 0.012398453449682703, 0.00963691950954687, 0.008745129951734348, 0.008583070478304458, 0.008575673963693384, 0.009163322922822478], "ambient": [2.1955952566537644, 1.1941257247010306, 1.0222251410345717, 0.823553116541476, 0.767178691593149, 0.6423757826823442, 0.5972071095960908, 0.5072859768575478, 0.4234439459509186, 0.349579658214083], "gpu3_core_temp": [0.5811238723288488, 0.13761706180996963, 0.05627988897212681, 0.02314622588195933, 0.01233691645279822, 0.004353846217684325, 0.0023685593280993824, 0.0010990943727485637, 0.001403794682016357, 0.0015106805127552728], "mem_free": [7.626789170367423, 5.199770527981943, 3.782773553844421, 3.373147076256173, 2.895987825688495, 2.568683754853023, 2.383982406828993, 2.2350493514489744, 2.1289610353608928, 2.009212615969841], "p0_vdd_temp": [2.3144722502706485, 0.5343772900461029, 0.6136337138752463, 0.40796886642353347, 0.3370038432179279, 0.28955351343670716, 0.2192617675805244, 0.1912643433228055, 0.17489239740465837, 0.15838357328277042], "p0_io_power": [1.9171644396158636, 1.0947434842105834, 0.39325483946470163, 0.35544009206275784, 0.1653631872169533, 0.05796342150959742, 0.03425718428628389, 0.024749495351536234, 0.044860344823269595, 0.025229019643012836], "p1_vdd_temp": [1.331756386605482, 0.24615908730449657, 0.4464043873382272, 0.4108755782356746, 0.21002733407502053, 0.22607214240136966, 0.19147912862395206, 0.20541818767112568, 0.25893888512694513, 0.14135454224687952], "p1_io_power": [2.5854144269820822, 0.7215056743883398, 0.8509172619450637, 0.7189015923067927, 0.4790061549734204, 0.30667034963205936, 0.21528957190082199, 0.15818135910122175, 0.14619240208631581, 0.134146741202717], "cpu_system": [0.09362623096513813, 0.0748279468003524, 0.053177423124349935, 0.025442473065566212, 0.025650015860039902, 0.023366662530323632, 0.02229682192521107, 0.022408913698816302, 0.021440381388338307, 0.021382052304029116], "gpu3_mem_temp": [0.9770413006906853, 0.28238934818880573, 0.10694521824634942, 0.05578209176879897, 0.04150497657278182, 0.03346840440871767, 0.0276740416621549, 0.022902769330484976, 0.01951345736214075, 0.01745038921002052], "proc_run": [0.2714020100216286, 0.1662882945219432, 0.2810024646758158, 0.1609868434829242, 0.2523221270730769, 0.18061609166300036, 0.21581607519993834, 0.05243528841602192, 0.03846933221398446, 0.019294414921195536], "p1_power": [3.6200922415541705, 1.0656513092859137, 0.8557445116376163, 0.29011950856675545, 0.18968389811675235, 0.26433517391322764, 0.19449266568402088, 0.23854897386564683, 0.1583887800494189, 0.26735090854657834], "ps0_input_power": [2.8795902891665377, 1.0660353253485375, 0.6364822581120386, 0.648527328565877, 0.5704288415232753, 0.43773199689214026, 0.38514938857656733, 0.3355386903439398, 0.2990891299688042, 0.2721234448166484], "bytes_in": [0.040293680907428006, 0.02946455424660266, 0.023969099713506314, 0.022563428656036603, 0.01793679207693585, 0.020867036162657785, 0.012556120156190329, 0.008339659651204373, 0.015062721517507828, 0.006384494173866559], "pkts_out": [0.2470152689345395, 0.14762890728575112, 0.08137214627061841, 0.036556492374192236, 0.02992480860433794, 0.026479769249006066, 0.014348663567435197, 0.013746302181814787, 0.012540714209398595, 0.011525645875246815], "gpu1_mem_temp": [1.4585082265072733, 0.30268587492236126, 0.1324247339557636, 0.0767660049595795, 0.05921043740818277, 0.05080475960048422, 0.04583577269925147, 0.04327203478889167, 0.04246493014108031, 0.041044723025376983]}