{"fan0_1": [0.0004858852792080737, 0.00018905720436910258, 0.00011418935426056947, 0.00012037733183432608, 6.334527020763312e-05, 5.7370420388854676e-05, 5.4343358102067264e-05, 5.399391835911064e-05, 5.092960071053301e-05, 4.9906872912176454e-05], "gpu1_core_temp": [0.04623891645847525, 0.006411034472661123, 0.005259210021898353, 0.004772883748344122, 0.003909734639476475, 0.003957268200847855, 0.013640643350086095, 0.009737407062129038, 0.0033471234766647567, 0.0036032842623322956], "p1_mem_power": [0.15195641650826375, 0.09794210935683258, 0.07260835515617772, 0.06416236636337742, 0.051641866102358575, 0.04250403797772696, 0.034834915401111305, 0.027687366862749058, 0.027611970238861788, 0.02695335328271919], "pkts_in": [0.3392726180545921, 0.025766040304716582, 0.016388344871414936, 0.01164659112792246, 0.009493155737329308, 0.008728024964951567, 0.007913695448082127, 0.008220177543864747, 0.0068532208635142065, 0.006774927530563554], "gpu4_core_temp": [0.04135493291479896, 0.003122023239315081, 0.008459067107175212, 0.009358049976482787, 0.0016871496055235493, 0.007944701505027798, 0.012036028789000222, 0.0013655529218442298, 0.0005413520724923775, 0.00028282206904216517], "pcie": [0.048076462019938565, 0.016617016251374343, 0.019147667808248878, 0.011234440917929986, 0.012147279860372898, 0.015332700181135906, 0.009835511280815612, 0.010508213820123024, 0.010393187193515263, 0.010098595618263255], "dimm0_temp": [0.03428409288356654, 0.015909357081130938, 0.01487678612632243, 0.013964146021912437, 0.013882506515959939, 0.01379590158268206, 0.013577995837077365, 0.013561423148100469, 0.013304217211449794, 0.013390648434594062], "p0_mem_power": [0.09027727497213926, 0.052592805963651956, 0.047176334431406654, 0.04742074595868608, 0.04502318059399505, 0.04796419904710184, 0.04333682153673053, 0.047015117953980945, 0.04398136707317856, 0.044263720029098653], "p0_power": [0.05110829490595498, 0.008195027069581062, 0.00405385399811165, 0.005203231731349936, 0.0014020626507921792, 0.0008773921174566265, 0.004700119939029212, 0.0008382934656872829, 0.0013702942549365393, 0.0010427640126347195], "gpu0_core_temp": [0.0571962020776819, 0.008494783546260501, 0.005805349801723911, 0.0038946844838673423, 0.003910204762581543, 0.0026016046436419045, 0.0028163761299957553, 0.0025661854419800015, 0.031181975804156742, 0.008414944280693653], "mem_cached": [0.17733458820686201, 0.17113589075743502, 0.18168740582423, 0.18018759460819403, 0.17846081197765942, 0.16946750209923242, 0.1702525246669772, 0.1564263192364522, 0.16593449459683865, 0.1497256006887108], "gpu0_mem_temp": [0.04986695832737718, 0.012228335208815685, 0.019051599571277757, 0.008588781137278427, 0.004741697289310083, 0.009439580056879752, 0.0031737840399861466, 0.005056959253292333, 0.0038344062486055062, 0.004643128126750132], "fan_disk_power": [0.02214718095440186, 0.021205441120539025, 0.02060382358932293, 0.02039226193111025, 0.020024801625672436, 0.019900545339713235, 0.019561571448405295, 0.019499061877009918, 0.01944090395448219, 0.019463763432393557], "ps1_output_volta": [0.1867292741364688, 0.012564712187311379, 0.01198323739925824, 0.011089354655471895, 0.012406526073657949, 0.01105304975776583, 0.011195338457295449, 0.011013924646395303, 0.011802627158990872, 0.01138843975507748], "proc_total": [0.029069454403258796, 0.03512342532017089, 0.04011871159131905, 0.03376224785662281, 0.03453780775695449, 0.02926454699410044, 0.026302259635639376, 0.02608605400860577, 0.02393997624817477, 0.022870180677892822], "fan0_0": [0.002378496748379041, 0.0013431153229555032, 0.0011538573105496818, 0.0006085196200859859, 0.0003427856646858994, 0.00024040672271035367, 0.00018236545882634894, 0.00010180952469412853, 9.393306356260308e-05, 7.871789426569636e-05], "ambient": [0.03856762079057868, 0.023914991035507302, 0.022461529433591466, 0.021532544930858342, 0.021000875861792213, 0.020835753617330203, 0.02074028880716957, 0.02145381874492398, 0.02014105715358556, 0.020356296780484975], "gpu3_core_temp": [0.037119540905117515, 0.004014369921954692, 0.0038891792637002617, 0.006913573111349006, 0.0030544357090405362, 0.00540939051759239, 0.008193127916860391, 0.0032033734171573224, 0.0049668489501645706, 0.0023537611113711773], "mem_free": [0.14132535995224146, 0.27436776470393387, 0.19102663940733045, 0.15125070342890637, 0.12605243257559598, 0.11789412506203774, 0.1187805463814146, 0.10206512928180947, 0.09686576489312904, 0.09398042585068292], "p0_vdd_temp": [0.035889481214333684, 0.011076570477909657, 0.009053430142515449, 0.00856397286915812, 0.008055987809687155, 0.00780937731005305, 0.00763278021914421, 0.007586682012953465, 0.0074251990649709535, 0.006933207166531787], "p0_io_power": [0.054958279440750046, 0.011814673579280064, 0.006416994222011073, 0.00401551732485228, 0.004416792581365009, 0.005057507449078131, 0.002860133515689473, 0.0011594294891152063, 0.004313145301806474, 0.003164092643013261], "p1_vdd_temp": [0.01759836124065724, 0.005265129998181027, 0.003760231074220088, 0.0025882515438733497, 0.001658321684933004, 0.0017092786706300702, 0.0013586027325613013, 0.000942841431238728, 0.0017022838633962657, 0.0006116379103651468], "p1_io_power": [0.06669591285250619, 0.022204302684628516, 0.015122754870250091, 0.01017633826699492, 0.008462793675986098, 0.008191794097126167, 0.007815266800531576, 0.00832051983798278, 0.008029859646949794, 0.009984309873945005], "cpu_system": [0.0014402021898459953, 0.0014394197097729372, 0.001648806754624902, 0.0013980811086166968, 0.0012926375694357836, 0.0011841253265898644, 0.00114183763190523, 0.0010802175773398316, 0.0010419380600838685, 0.0009943359548397078], "gpu3_mem_temp": [0.044331301868214115, 0.017692903085910015, 0.02605119484181122, 0.00995100000098125, 0.002879678700118096, 0.0024798026441406945, 0.0023395739384472827, 0.002197784086815781, 0.002298994504397637, 0.0022352982185748086], "proc_run": [0.012702868193794308, 0.00138948741126257, 0.011877201462765745, 0.0013204406901080952, 0.0006017565673188044, 0.0007288361291472403, 0.0019536500336851705, 0.0005500411823925699, 0.004157080038877336, 0.000608329538197147], "p1_power": [0.07647378356337078, 0.007385747917270736, 0.002973119775462463, 0.00276692297946404, 0.0037365666018919106, 0.002498006594166705, 0.004216074117461981, 0.0018411808932133449, 0.0018710530309866095, 0.002653374617608916], "ps0_input_power": [0.08290211517935708, 0.01562945558723447, 0.013266004785538407, 0.01176710917427243, 0.011670071113918568, 0.010744412418334053, 0.010204535761740055, 0.009917734566946543, 0.009741780605903052, 0.009663806619754842], "bytes_in": [0.0031534519405003085, 0.00142227869491021, 0.0011374513863271684, 0.001110670279668739, 0.0008364129717929043, 0.0007941027615228903, 0.0007083385483751444, 0.0005868826684090864, 0.0005298157573837126, 0.0003971154615015501], "pkts_out": [0.01928402606822163, 0.0015342110595882063, 0.002150767718134866, 0.0007248923899203758, 0.0009572270580177122, 0.0025851965552836933, 0.0011049784243729519, 0.0011561373160417538, 0.0020447227677506514, 0.0007866835471757801], "gpu1_mem_temp": [0.04699742164208319, 0.019861587708158285, 0.018771752716833286, 0.010832571821822073, 0.0055723128643280495, 0.008983765463870523, 0.004746738464769432, 0.007208591660038419, 0.004633441851860637, 0.007690756228341599]}