{"fan0_1": [0.0009711320766846444, 0.0003011869842131104, 0.0001846589625860033, 0.00011911644631978182, 9.643473737882792e-05, 6.497883622346875e-05, 6.709015022572674e-05, 6.653518042467348e-05, 5.660247615269421e-05, 5.2251713988499764e-05], "gpu1_core_temp": [0.05320551161540088, 0.012921649983502967, 0.016777282056403043, 0.009047891234776657, 0.027288151754503533, 0.010689337475862737, 0.005028073061675367, 0.003629088897065767, 0.0048959491907716556, 0.0050660931103388715], "p1_mem_power": [0.15433136919779775, 0.09943063581871558, 0.06767484295121105, 0.050447363489292754, 0.03953640216736631, 0.036845260223524995, 0.033636669463024585, 0.03538792732500226, 0.03675110135969044, 0.029237249330392907], "pkts_in": [0.32411502664052333, 0.06843124815667903, 0.036566506436660026, 0.014704373092826442, 0.009820975805128137, 0.008646970075117262, 0.00928824175064831, 0.00809363551849089, 0.007799212225268818, 0.007147711447843714], "gpu4_core_temp": [0.03435131657999442, 0.00820666734876879, 0.01669789230295831, 0.002824931579500791, 0.006109672394870938, 0.00934874382853883, 0.002367557039768466, 0.00016864379306233597, 0.0003061487083542813, 0.00026846393612918104], "pcie": [0.06322762912143094, 0.02672578778521555, 0.01456060670496312, 0.014664239674876981, 0.016195586231754325, 0.01080329874988033, 0.016853251800975265, 0.009619284628067822, 0.015068729317240365, 0.008042676955173623], "dimm0_temp": [0.05284859982824068, 0.022952432459028296, 0.02061349923506388, 0.018947589592315066, 0.016743815187751348, 0.015361061607122455, 0.014284171977866805, 0.01381289308168433, 0.013515539749981301, 0.01299074262011579], "p0_mem_power": [0.10546728113163559, 0.06575480975706424, 0.06406530485367602, 0.056275827078876836, 0.05915684425928548, 0.05226118230160459, 0.04925597446859495, 0.044020746793623916, 0.043289102331067565, 0.041824569676628724], "p0_power": [0.07526474072200004, 0.004830599645368262, 0.0026613054786273046, 0.0018102756288663226, 0.0031452037874256226, 0.003541397697287229, 0.003889907772966806, 0.0053411280657890544, 0.0019504979500486843, 0.00310639126641433], "gpu0_core_temp": [0.05338306841998299, 0.020342507854696115, 0.010974355615766736, 0.009912481327705995, 0.007246391571635268, 0.0032059627156110176, 0.0022739460637757453, 0.003800914870861283, 0.006642799778266814, 0.002082108685672123], "mem_cached": [0.1732618700190613, 0.19600042563759854, 0.18242247110274354, 0.1699436245479467, 0.18454760077071997, 0.17121647885724178, 0.16520575278214014, 0.15868674201673236, 0.15708216571445813, 0.14719381425544134], "gpu0_mem_temp": [0.11022906578803676, 0.05477236393230662, 0.031743125255798296, 0.021326308612441513, 0.017176365783023784, 0.020495071248144484, 0.01209752372518693, 0.0213590049895546, 0.012281814243012279, 0.012015818957001918], "fan_disk_power": [0.021449961098755653, 0.021177036385366554, 0.020833281811438408, 0.02045180682311005, 0.020115814943708104, 0.020231978733564995, 0.02015433036455948, 0.019874905857943714, 0.01970308648127374, 0.019610025852580888], "ps1_output_volta": [0.2356387141761593, 0.020746854774606922, 0.01604766565531102, 0.014088399619584992, 0.014324056466486495, 0.014191713768306493, 0.014022760264344914, 0.016049573014504912, 0.01178868688441811, 0.01296229589684273], "proc_total": [0.03466706978421125, 0.04046771134258379, 0.04168211337774172, 0.042564348354719665, 0.03738669007754928, 0.03676166145052735, 0.033080392363238294, 0.031995260340103256, 0.030199323146283083, 0.030401864876061804], "fan0_0": [0.00196258220552443, 0.001477735443736736, 0.001366465149945023, 0.0007690546887042058, 0.0008498772855076554, 0.00041430245842183046, 0.00028823103108988605, 0.00023311649550169128, 0.00013894722820242364, 0.00018679396340688106], "ambient": [0.02231027044915196, 0.01582084819742124, 0.015210063220391432, 0.01506143060352472, 0.01523782404100674, 0.015320179812573092, 0.015152720412890766, 0.014850558684689433, 0.015963858087864522, 0.017295805592579483], "gpu3_core_temp": [0.0451475081873409, 0.00338165880846677, 0.0011050059478953655, 0.00077277562014788, 0.0012213390008051837, 0.0020839919103985724, 0.0006512138707733957, 0.00041559600661657015, 0.0003230908254954749, 0.0013114583520506759], "mem_free": [0.3192841809361281, 0.3651865235132793, 0.3140235381854534, 0.30367464513960507, 0.26419471368822584, 0.2569898379593981, 0.21924927261034902, 0.18835591484513206, 0.17214941167373338, 0.16208134608403021], "p0_vdd_temp": [0.03300294643358276, 0.012129665756285034, 0.012060197293773438, 0.01055431855588528, 0.008787782724657309, 0.00810022499552653, 0.007527095630747366, 0.007763857628993411, 0.007479270775065917, 0.007890237330885687], "p0_io_power": [0.04901421167580751, 0.01507303036651783, 0.009447705573959164, 0.009143676729573426, 0.008752143955121814, 0.004662308198968495, 0.006161594710865509, 0.0037436645083999643, 0.0043361610684929715, 0.008984822892977494], "p1_vdd_temp": [0.01592888954569182, 0.0033257604855601694, 0.0032205298095313835, 0.0013903637367277313, 0.0010373678843983078, 0.0017024252292478519, 0.000600360408324644, 0.0008617212300915866, 0.002185085405822095, 0.0006037865041196094], "p1_io_power": [0.1380433152909785, 0.04286787721681088, 0.033810281881216486, 0.02657436140065814, 0.020351239671355804, 0.021091878838852874, 0.020567077621114448, 0.01606412775380765, 0.018646633668777647, 0.01918439421199446], "cpu_system": [0.00454052941909428, 0.0033224466512879413, 0.0033463769392824277, 0.0030281234343414055, 0.0029609961387594965, 0.0030047193469351693, 0.002808447426560265, 0.002809661988400434, 0.0026159630540323058, 0.002461791230622314], "gpu3_mem_temp": [0.04873538865550557, 0.008401374896741146, 0.02374980103160756, 0.012423640135789034, 0.0034979166043436136, 0.00348098136091023, 0.004869008895854159, 0.011097619428511781, 0.0023985808711817773, 0.0026515150851702], "proc_run": [0.016182018357089174, 0.0015646424668092312, 0.000902492949702653, 0.011471385451059177, 0.0006761404635492577, 0.0005796645134628729, 0.0006076234640105226, 0.0005839732105789351, 0.005103844579377252, 0.0009307461327409302], "p1_power": [0.05721079305176503, 0.012968813481127217, 0.003823322342213696, 0.003039620362566323, 0.002478439413367347, 0.0017856939292446895, 0.0025503966749021614, 0.0013089738341371436, 0.0023866225113181043, 0.002043741549611619], "ps0_input_power": [0.16153116423268174, 0.0727072014935067, 0.06148469288359045, 0.053986466999638126, 0.05092749787335607, 0.04726416200233638, 0.03684791087326, 0.03965158139764418, 0.03822505680467274, 0.031706829109110754], "bytes_in": [0.0046513210247808336, 0.0036039354805506795, 0.003219419238854092, 0.0024671123248756035, 0.0017245599095888767, 0.0008268417909365103, 0.00037876833233951043, 0.00033169488211151887, 0.0003276978910822779, 0.0004824570690124262], "pkts_out": [0.025490317839437077, 0.007246443648588521, 0.0019101348934863565, 0.001109231479726997, 0.0010139960992758782, 0.00264666474765928, 0.0023494093036230215, 0.0011266965139545952, 0.002003490966058648, 0.0023458773437439622], "gpu1_mem_temp": [0.0661942802556597, 0.02280707424011778, 0.013559834954204195, 0.005235674582791395, 0.003264781973029659, 0.003962114143847827, 0.006775088347854047, 0.012285514512953281, 0.0036410004794398274, 0.0030902629134584255]}