{"fan0_1": [0.014632595220836686, 0.00665314061861668, 0.004957156484916566, 0.004998814128949532, 0.005863697826596332, 0.007495663517352847, 0.006734319675776914, 0.0015627708609817317, 0.0011817058619134934, 0.0010957481582575196], "gpu1_core_temp": [0.8264374180962282, 0.29585213967228446, 0.14350449519547365, 0.05833285838623421, 0.03552415304108753, 0.04663173424960014, 0.027244432934782698, 0.034757561326998296, 0.02471706585027434, 0.024300846678670496], "p1_mem_power": [2.4956328884187724, 1.1384871365973146, 0.6882241119427847, 0.6829572740581727, 0.5590791783548431, 0.5611928358563893, 0.4734995753269002, 0.394352727415671, 0.33742169754439466, 0.3165108980135291], "pkts_in": [11.725882227111969, 1.7598862127170607, 1.3375267018113406, 0.924911234377613, 0.6261971443841454, 0.4635842011350217, 0.38127939012752826, 0.3096982370361045, 0.24378040458966968, 0.19214604586683293], "gpu4_core_temp": [1.2596071544566483, 0.20338109666193704, 0.0766277147634756, 0.03591008466275369, 0.022446955564827408, 0.01833367062531041, 0.01227775909133651, 0.007953749180981708, 0.005266603164180059, 0.003095830209795461], "pcie": [1.6331886242479285, 0.18595808350370938, 0.13317811866516188, 0.12754855690253597, 0.1237601133286252, 0.12380658383531276, 0.12448937026032757, 0.13141625074128951, 0.13684268739770458, 0.14231125453376883], "dimm0_temp": [1.9998717944448192, 0.22277274471707642, 0.13378643763742298, 0.14137031866477862, 0.12119817009611275, 0.10761759220872835, 0.1051332241409929, 0.10249620449719249, 0.10326917225780387, 0.10506693473941978], "p0_mem_power": [1.253365870470041, 0.6247298743260363, 0.41540416853968054, 1.031771840773002, 0.6574218144480098, 0.42708669738751404, 0.5398089328370187, 0.511584573242593, 0.41752747506884635, 0.4792103611924235], "p0_power": [2.393897961085958, 0.15339165354261466, 0.14066386774622947, 0.09417704932744644, 0.053713231327472834, 0.07445574212589011, 0.051087112670453884, 0.04287120326977944, 0.041230184386574456, 0.04237085611619536], "gpu0_core_temp": [2.4225842788920646, 0.1558419886083963, 0.07000304901877277, 0.02887350468776159, 0.01849329435943766, 0.013709753465938716, 0.010377802260571174, 0.011014135471189655, 0.01418023247469557, 0.03253708345257247], "mem_cached": [1.6552945053727384, 1.5207308774005988, 1.4545649217965233, 1.3309326447947911, 1.2542457517525758, 1.1674190540556748, 1.1232639967165987, 1.0678071957094857, 1.0312624654203142, 1.0006577813170439], "gpu0_mem_temp": [1.4627334824034077, 0.2545883057969785, 0.09962158454788639, 0.04634301578147232, 0.028826474239962097, 0.020094638622130557, 0.01833022688703251, 0.016192815877417083, 0.01981339875188711, 0.03710999332855941], "fan_disk_power": [0.21230527252880155, 0.1824922521188054, 0.16868607247228262, 0.16760519021741485, 0.16678348209668872, 0.1667143435527881, 0.16731273535118307, 0.16589771465508527, 0.16371294994267724, 0.1602354442039805], "ps1_output_volta": [5.790516715056153, 0.4742329736507463, 0.1252730071246724, 0.13072271645569833, 0.09256029354692537, 0.09313369264434372, 0.10271453992879864, 0.11549955848241425, 0.11540829418726223, 0.1148897127501206], "proc_total": [0.6632201658369052, 0.4217020436570296, 0.3595821522728613, 0.34689833386738594, 0.3161103160969252, 0.29719412221569536, 0.2832374505517799, 0.2694680609147913, 0.25704061053662, 0.24437767005417876], "fan0_0": [0.03606448416574357, 0.021879091659205294, 0.013494431309726513, 0.01598479382640215, 0.013128072734909966, 0.011471177415715114, 0.00946873301212671, 0.009209117006106172, 0.008067256598673906, 0.010009296845691028], "ambient": [2.2004252209137847, 1.3218824616282858, 1.1991444667450764, 1.0196636162988681, 0.9253873417694722, 0.8493377628025188, 0.8131863004578057, 0.733940726534153, 0.6554210046806963, 0.6791627592236925], "gpu3_core_temp": [1.0946250621302014, 0.1328771851762193, 0.09093635404602654, 0.07700803544765378, 0.06494729022335222, 0.046875985557719144, 0.038199652305720325, 0.021540299863792377, 0.018257308518201093, 0.007769701980744499], "mem_free": [8.032096777111292, 5.466788160454442, 3.027320480990594, 2.161123342852118, 1.8590295069540541, 1.2399199460608064, 1.0787755268518262, 0.9367668155996349, 0.8316527811750289, 0.7514779979878816], "p0_vdd_temp": [2.0353338547171123, 0.18393904250115156, 0.3152211392949265, 0.20354641808988025, 0.13715284405105937, 0.10084739734508819, 0.09293060085575988, 0.08516890411165053, 0.08975435486495224, 0.09358658614288014], "p0_io_power": [1.4238616636483579, 0.9119355944536065, 0.27914551859821685, 0.12014109166201345, 0.11720903608566201, 0.12563229077846133, 0.10213646511121663, 0.0692086097370002, 0.07620673071998622, 0.0809259691766353], "p1_vdd_temp": [2.0984011709850323, 0.21866646402024775, 0.36151842456511274, 0.37660062860857735, 0.1986710129015308, 0.20257232018986776, 0.1485033154284822, 0.18416282076448684, 0.28799232118403145, 0.13060961646807367], "p1_io_power": [2.2802915407384754, 0.5424400233733718, 0.3287073817474627, 0.15221429096474762, 0.07947619058321961, 0.09264933147657943, 0.06112282845956494, 0.06853727722867212, 0.06204779389607269, 0.06451071109973606], "cpu_system": [0.10207668598934927, 0.014642691122103755, 0.008790825535235795, 0.008063904271351617, 0.008036877222640283, 0.008055007109027018, 0.00795485815179227, 0.008273946662875557, 0.008154186358649073, 0.010076586886576498], "gpu3_mem_temp": [1.321833092068392, 0.18674353849420058, 0.07640742418021468, 0.04256825212399245, 0.030134894278949446, 0.026238557317820554, 0.024229108002586028, 0.022749061944591874, 0.02117317108524574, 0.020092227803518173], "proc_run": [0.1481685619519633, 0.033858277415767725, 0.012713138872528675, 0.0058888458202628865, 0.005125472680334809, 0.004694089617915261, 0.0050285832801291105, 0.005454595388797042, 0.006569803506570151, 0.00831556738006428], "p1_power": [2.43917064345254, 0.453031668915183, 0.14016585122238123, 0.24629694629230245, 0.15936600868540104, 0.257658889438952, 0.17614850980011867, 0.2512849493738344, 0.12524903646009344, 0.1890493992366202], "ps0_input_power": [1.9618872268221177, 0.29956668583671214, 0.1599806451378891, 0.16674277865827353, 0.10425613123167936, 0.09192134022727728, 0.09228160151221629, 0.0958747643040448, 0.1004165252708199, 0.09922409617818982], "bytes_in": [0.04417715672252109, 0.016824626830101053, 0.01336254056873894, 0.010121806672951383, 0.00769445520254717, 0.007248792020647905, 0.0063571133975812546, 0.006557677183199332, 0.00657223385586735, 0.00598915184685123], "pkts_out": [0.2394993538779012, 0.12145143395016891, 0.043064507752812155, 0.014107875474941446, 0.009447605091413753, 0.008764849339645626, 0.015209443246950746, 0.02213100984289501, 0.015501601190114725, 0.012536335804422075], "gpu1_mem_temp": [0.9049868739099913, 0.2919413799863944, 0.17546880968611048, 0.08281891206179255, 0.05191456461550608, 0.044630602624903246, 0.040480616798509235, 0.032336634243287705, 0.032762272065625556, 0.03283808575165446]}